date,zone,province,sitrep_source,in_bed_previous_day,new_admissions_ppl,new_admissions_other,total_admissions,total_isolated,cumulative_admitted
20/05/2026,Bunia,,MVE_SitRep_006_2026-05-21,28,0,12,12,40,
20/05/2026,Rwampara,,MVE_SitRep_006_2026-05-21,37,5,12,17,54,
20/05/2026,Mongbwalu,,MVE_SitRep_006_2026-05-21,21,0,9,9,30,
20/05/2026,Nyankunde,,MVE_SitRep_006_2026-05-21,15,1,0,1,16,
21/05/2026,Bunia,,MVE_SitRep_007_2026-05-22,36,1,13,14,50,
21/05/2026,Rwampara,,MVE_SitRep_007_2026-05-22,36,0,6,6,42,
21/05/2026,Mongbwalu,,MVE_SitRep_007_2026-05-22,27,0,9,9,36,
21/05/2026,Nyankunde,,MVE_SitRep_007_2026-05-22,16,7,0,7,23,
22/05/2026,Bunia,,MVE_SitRep_008_2026-05-23,33,3,8,11,44,
22/05/2026,Rwampara,,MVE_SitRep_008_2026-05-23,34,1,10,11,45,
22/05/2026,Mongbwalu,,MVE_SitRep_008_2026-05-23,30,0,4,4,34,
22/05/2026,Nyankunde,,MVE_SitRep_008_2026-05-23,22,1,1,2,24,
22/05/2026,Total,,MVE_SitRep_008_2026-05-23,119,5,23,28,147,
23/05/2026,Bunia,,MVE_SitRep_009_2026-05-24,41,3,6,9,50,112
23/05/2026,Rwampara,,MVE_SitRep_009_2026-05-24,21,2,2,4,25,54
23/05/2026,Mongbwalu,,MVE_SitRep_009_2026-05-24,28,0,3,3,31,65
23/05/2026,Nyankunde,,MVE_SitRep_009_2026-05-24,26,3,4,7,33,36
23/05/2026,Aru,,MVE_SitRep_009_2026-05-24,2,0,0,2,2,3
24/05/2026,Bunia,,MVE_SitRep_010_2026-05-25,44,3,6,9,53,118
24/05/2026,Rwampara,,MVE_SitRep_010_2026-05-25,19,2,4,6,25,54
24/05/2026,Mongbwalu,,MVE_SitRep_010_2026-05-25,13,0,5,5,18,70
24/05/2026,Nyankunde,,MVE_SitRep_010_2026-05-25,33,0,0,0,33,36
24/05/2026,Bambu,,MVE_SitRep_010_2026-05-25,2,0,0,0,2,0
24/05/2026,Aru,,MVE_SitRep_010_2026-05-25,2,0,0,0,2,3
27/05/2026,Bunia,,MVE_SitRep_013_2026-05-28,14,0,2,,12,
27/05/2026,Rwampara,,MVE_SitRep_013_2026-05-28,8,0,2,,9,
27/05/2026,CME,,MVE_SitRep_013_2026-05-28,22,0,5,,26,
27/05/2026,Mongbwalu,,MVE_SitRep_013_2026-05-28,10,1,1,,9,
27/05/2026,Nyakunde,,MVE_SitRep_013_2026-05-28,39,0,0,,38,
27/05/2026,Bambu,,MVE_SitRep_013_2026-05-28,6,0,3,,9,
27/05/2026,CT Heal Africa (Nord-Kivu),,MVE_SitRep_013_2026-05-28,2,0,0,,0,
28/05/2026,Bunia,,MVE_SitRep_014_2026-05-30,14,0,2,,12,
28/05/2026,Rwampara,,MVE_SitRep_014_2026-05-30,8,0,2,,9,
28/05/2026,CME,,MVE_SitRep_014_2026-05-30,22,0,5,,26,
28/05/2026,Mongbwalu,,MVE_SitRep_014_2026-05-30,10,1,1,,9,
28/05/2026,Nyakunde,,MVE_SitRep_014_2026-05-30,39,0,0,,38,
28/05/2026,Bambu,,MVE_SitRep_014_2026-05-30,6,0,3,,9,
28/05/2026,Heal Africa (Nord-Kivu),,MVE_SitRep_014_2026-05-30,2,0,0,,0,
29/05/2026,Bunia,,MVE_SitRep_015_2026-05-29,18,0,2,,17,
29/05/2026,Rwampara,,MVE_SitRep_015_2026-05-29,9,1,4,,13,
29/05/2026,CME,,MVE_SitRep_015_2026-05-29,8,1,1,,9,
29/05/2026,Mongbwalu,,MVE_SitRep_015_2026-05-29,12,0,4,,11,
29/05/2026,Nyankunde,,MVE_SitRep_015_2026-05-29,38,0,0,,38,
29/05/2026,Bambu,,MVE_SitRep_015_2026-05-29,12,0,4,,5,
29/05/2026,Aru,,MVE_SitRep_015_2026-05-29,2,0,0,,2,
29/05/2026,Total,,MVE_SitRep_015_2026-05-29,99,2,15,,95,
30/05/2026,Bunia,,MVE_SitRep_016_2026-05-30,17,0,5,,23,
30/05/2026,Rwampara,,MVE_SitRep_016_2026-05-30,14,0,3,,19,
30/05/2026,CME,,MVE_SitRep_016_2026-05-30,10,0,7,,19,
30/05/2026,Mongbwalu,,MVE_SitRep_016_2026-05-30,11,0,6,,22,
30/05/2026,Nyankunde,,MVE_SitRep_016_2026-05-30,41,0,1,,44,
30/05/2026,Bambu,,MVE_SitRep_016_2026-05-30,5,1,4,,10,
30/05/2026,Aru,,MVE_SitRep_016_2026-05-30,5,0,0,,5,
30/05/2026,Total,,MVE_SitRep_016_2026-05-30,103,1,26,,142,
31/05/2026,Bunia,,MVE_SitRep_017_2026-06-01,21,0,3,,23,
31/05/2026,Rwampara,,MVE_SitRep_017_2026-06-01,15,1,5,,17,
31/05/2026,CME,,MVE_SitRep_017_2026-06-01,15,3,3,,17,
31/05/2026,Mongbwalu,,MVE_SitRep_017_2026-06-01,12,1,5,,15,
31/05/2026,Nyankunde,,MVE_SitRep_017_2026-06-01,39,0,2,,38,
31/05/2026,Bambu,,MVE_SitRep_017_2026-06-01,10,0,2,,13,
31/05/2026,Aru,,MVE_SitRep_017_2026-06-01,5,0,1,,6,
31/05/2026,Total,,MVE_SitRep_017_2026-06-01,117,5,21,,129,
01/06/2026,Ituri,,MVE_SitRep_018_2026-06-02,147,2,19,21,158,
01/06/2026,Nord-Kivu,,MVE_SitRep_018_2026-06-02,8,0,0,0,8,
01/06/2026,Sud-Kivu,,MVE_SitRep_018_2026-06-02,5,0,1,1,7,
01/06/2026,Ensemble,,MVE_SitRep_018_2026-06-02,160,2,20,22,173,
02/06/2026,Ituri,,MVE_SitRep_019_2026-06-03,191,,,28,192,
02/06/2026,Nord-Kivu,,MVE_SitRep_019_2026-06-03,8,,,1,8,
02/06/2026,Sud-Kivu,,MVE_SitRep_019_2026-06-03,5,,,1,6,
02/06/2026,Ensemble,,MVE_SitRep_019_2026-06-03,204,,,30,206,
03/06/2026,Ituri,,MVE_SitRep_020_2026-06-04,208,,,47,220,
03/06/2026,Nord-Kivu,,MVE_SitRep_020_2026-06-04,8,,,1,8,
03/06/2026,Sud-Kivu,,MVE_SitRep_020_2026-06-04,6,,,0,5,
03/06/2026,Ensemble,,MVE_SitRep_020_2026-06-04,222,,,48,233,
04/06/2026,Ituri,,MVE_SitRep_021_2026-06-05,219,,,61,243,
04/06/2026,Nord-Kivu,,MVE_SitRep_021_2026-06-05,8,,,1,9,
04/06/2026,Sud-Kivu,,MVE_SitRep_021_2026-06-05,6,,,0,6,
04/06/2026,Ensemble,,MVE_SitRep_021_2026-06-05,233,,,62,258,
05/06/2026,Ituri,,MVE_SitRep_022_2026-06-06,236,,,37,251,
05/06/2026,Nord-Kivu,,MVE_SitRep_022_2026-06-06,8,,,1,9,
05/06/2026,Sud-Kivu,,MVE_SitRep_022_2026-06-06,7,,,0,7,
05/06/2026,Ensemble,,MVE_SitRep_022_2026-06-06,251,,,38,267,
06/06/2026,Ituri,,MVE_SitRep_023_2026-06-07,257,,,29,260,
06/06/2026,Nord-Kivu,,MVE_SitRep_023_2026-06-07,16,,,1,16,
06/06/2026,Sud-Kivu,,MVE_SitRep_023_2026-06-07,7,,,0,7,
06/06/2026,Ensemble,,MVE_SitRep_023_2026-06-07,280,,,30,283,
