count_start_date,count_end_date,count_type,cases_suspect,cases_probable,cases_confirmed,deaths_suspected,deaths_probable,deaths_confirmed,contacts,zone,province,sitrep_source,is_aggregate
12/05/2026,12/05/2026,Nouveaux,70.0,0.0,18,,,2.0,342.0,,Ituri,MVE_SitRep_007_2026-05-22,TRUE
12/05/2026,12/05/2026,Nouveaux,70.0,0.0,19,,,3.0,342.0,,,MVE_SitRep_007_2026-05-22,TRUE
12/05/2026,12/05/2026,Nouveaux,0.0,,0,,,0.0,48.0,Bambu,Ituri,MVE_SitRep_007_2026-05-22,FALSE
12/05/2026,12/05/2026,Nouveaux,41.0,,6,,,1.0,87.0,Bunia,Ituri,MVE_SitRep_007_2026-05-22,FALSE
12/05/2026,12/05/2026,Nouveaux,,,0,,,0.0,,Butembo,Nord-Kivu,MVE_SitRep_007_2026-05-22,FALSE
12/05/2026,12/05/2026,Nouveaux,,,0,,,0.0,,Goma,Nord-Kivu,MVE_SitRep_007_2026-05-22,FALSE
12/05/2026,12/05/2026,Nouveaux,,,0,,,0.0,,Katwa,Nord-Kivu,MVE_SitRep_007_2026-05-22,FALSE
12/05/2026,12/05/2026,Nouveaux,1.0,,1,,,0.0,,Kilo,Ituri,MVE_SitRep_007_2026-05-22,FALSE
12/05/2026,12/05/2026,Nouveaux,,,1,,,1.0,,Miti Murhesa,Sud-Kivu,MVE_SitRep_007_2026-05-22,FALSE
12/05/2026,12/05/2026,Nouveaux,5.0,,1,,,0.0,0.0,Mongbwalu,Ituri,MVE_SitRep_007_2026-05-22,FALSE
12/05/2026,12/05/2026,Nouveaux,1.0,,1,,,0.0,,Nizi,Ituri,MVE_SitRep_007_2026-05-22,FALSE
12/05/2026,12/05/2026,Nouveaux,9.0,,2,,,0.0,207.0,Nyankunde,Ituri,MVE_SitRep_007_2026-05-22,FALSE
12/05/2026,12/05/2026,Nouveaux,14.0,,7,,,1.0,0.0,Rwampara,Ituri,MVE_SitRep_007_2026-05-22,FALSE
01/04/2026,14/05/2026,Cumules,246,,8,80,,4,82,,Ituri,MVE_SitRep_001_2026-05-16,TRUE
,18/05/2026,Cumules,61.0,,6,18.0,,,127.0,Bunia,Ituri,MVE_SitRep_004_2026-05-20,FALSE
,18/05/2026,Cumules,1.0,,1,0.0,,,,Butembo,Nord-Kivu,MVE_SitRep_004_2026-05-20,FALSE
,18/05/2026,Cumules,1.0,,1,0.0,,,,Goma,Nord-Kivu,MVE_SitRep_004_2026-05-20,FALSE
,18/05/2026,Cumules,1.0,,1,0.0,,,,Katwa,Nord-Kivu,MVE_SitRep_004_2026-05-20,FALSE
,18/05/2026,Cumules,302.0,,1,74.0,,,161.0,Mongbwalu,Ituri,MVE_SitRep_004_2026-05-20,FALSE
,18/05/2026,Cumules,14.0,,4,1.0,,,133.0,Nyankunde,Ituri,MVE_SitRep_004_2026-05-20,FALSE
,18/05/2026,Cumules,136.0,,19,38.0,,,120.0,Rwampara,Ituri,MVE_SitRep_004_2026-05-20,FALSE
,18/05/2026,Cumules,516.0,,33,131.0,,,541.0,Total,,MVE_SitRep_004_2026-05-20,TRUE
,19/05/2026,Cumules,90.0,,6,23.0,,,203.0,Bunia,Ituri,MVE_SitRep_005_2026-05-20,FALSE
,19/05/2026,Cumules,1.0,,1,0.0,,,,Butembo,Nord-Kivu,MVE_SitRep_005_2026-05-20,FALSE
,19/05/2026,Cumules,1.0,,1,0.0,,,,Goma,Nord-Kivu,MVE_SitRep_005_2026-05-20,FALSE
,19/05/2026,Cumules,1.0,,1,0.0,,,,Katwa,Nord-Kivu,MVE_SitRep_005_2026-05-20,FALSE
,19/05/2026,Cumules,309.0,,13,77.0,,,176.0,Mongbwalu,Ituri,MVE_SitRep_005_2026-05-20,FALSE
,19/05/2026,Cumules,19.0,,4,5.0,,,133.0,Nyankunde,Ituri,MVE_SitRep_005_2026-05-20,FALSE
,19/05/2026,Cumules,154.0,,25,43.0,,,335.0,Rwampara,Ituri,MVE_SitRep_005_2026-05-20,FALSE
,19/05/2026,Cumules,575.0,,51,148.0,,,847.0,Total,,MVE_SitRep_005_2026-05-20,TRUE
20/05/2026,20/05/2026,Nouveaux,,,18,,,,,,Ituri,MVE_SitRep_004_2026-05-20,TRUE
20/05/2026,20/05/2026,Nouveaux,,,2,,,,,,Nord-Kivu,MVE_SitRep_004_2026-05-20,TRUE
20/05/2026,20/05/2026,Nouveaux,59.0,0.0,16,,,0.0,306.0,,Ituri,MVE_SitRep_005_2026-05-20,TRUE
20/05/2026,20/05/2026,Nouveaux,0.0,0.0,0,,,0.0,0.0,,Nord-Kivu,MVE_SitRep_005_2026-05-20,TRUE
20/05/2026,20/05/2026,Nouveaux,29.0,,0,,,0.0,76.0,Bunia,Ituri,MVE_SitRep_005_2026-05-20,FALSE
20/05/2026,20/05/2026,Nouveaux,,,0,,,0.0,,Butembo,Nord-Kivu,MVE_SitRep_005_2026-05-20,FALSE
20/05/2026,20/05/2026,Nouveaux,,,0,,,0.0,,Goma,Nord-Kivu,MVE_SitRep_005_2026-05-20,FALSE
20/05/2026,20/05/2026,Nouveaux,,,0,,,0.0,,Katwa,Nord-Kivu,MVE_SitRep_005_2026-05-20,FALSE
20/05/2026,20/05/2026,Nouveaux,7.0,,12,,,0.0,15.0,Mongbwalu,Ituri,MVE_SitRep_005_2026-05-20,FALSE
20/05/2026,20/05/2026,Nouveaux,5.0,,0,,,0.0,0.0,Nyankunde,Ituri,MVE_SitRep_005_2026-05-20,FALSE
20/05/2026,20/05/2026,Nouveaux,18.0,,4,,,0.0,215.0,Rwampara,Ituri,MVE_SitRep_005_2026-05-20,FALSE
20/05/2026,20/05/2026,Nouveaux,59.0,0.0,16,,,0.0,306.0,Total,,MVE_SitRep_005_2026-05-20,TRUE
,20/05/2026,Cumules,671.0,,61,160.0,,,1261.0,,,MVE_SitRep_006_2026-05-21,TRUE
,20/05/2026,Cumules,2.0,,1,0.0,,,128.0,Bambu,Ituri,MVE_SitRep_006_2026-05-21,FALSE
,20/05/2026,Cumules,125.0,,11,31.0,,,203.0,Bunia,Ituri,MVE_SitRep_006_2026-05-21,FALSE
,20/05/2026,Cumules,7.0,,1,0.0,,,,Butembo,Nord-Kivu,MVE_SitRep_006_2026-05-21,FALSE
,20/05/2026,Cumules,0.0,,4,0.0,,,0.0,Echantillons sans fiche,Ituri,MVE_SitRep_006_2026-05-21,FALSE
,20/05/2026,Cumules,0.0,,1,0.0,,,,Goma,Nord-Kivu,MVE_SitRep_006_2026-05-21,FALSE
,20/05/2026,Cumules,13.0,,1,0.0,,,,Katwa,Nord-Kivu,MVE_SitRep_006_2026-05-21,FALSE
,20/05/2026,Cumules,317.0,,13,80.0,,,176.0,Mongbwalu,Ituri,MVE_SitRep_006_2026-05-21,FALSE
,20/05/2026,Cumules,28.0,,5,5.0,,,133.0,Nyankunde,Ituri,MVE_SitRep_006_2026-05-21,FALSE
,20/05/2026,Cumules,179.0,,24,44.0,,,621.0,Rwampara,Ituri,MVE_SitRep_006_2026-05-21,FALSE
21/05/2026,21/05/2026,Nouveaux,78.0,0.0,12,,,0.0,414.0,,Ituri,MVE_SitRep_006_2026-05-21,TRUE
21/05/2026,21/05/2026,Nouveaux,0.0,0.0,1,,,0.0,0.0,,Nord-Kivu,MVE_SitRep_006_2026-05-21,TRUE
21/05/2026,21/05/2026,Nouveaux,78.0,0.0,13,,,0.0,414.0,,,MVE_SitRep_006_2026-05-21,TRUE
21/05/2026,21/05/2026,Nouveaux,1.0,0.0,1,,,0.0,128.0,Bambu,Ituri,MVE_SitRep_006_2026-05-21,FALSE
21/05/2026,21/05/2026,Nouveaux,35.0,0.0,5,,,0.0,0.0,Bunia,Ituri,MVE_SitRep_006_2026-05-21,FALSE
21/05/2026,21/05/2026,Nouveaux,,0.0,0,,,0.0,,Butembo,Nord-Kivu,MVE_SitRep_006_2026-05-21,FALSE
21/05/2026,21/05/2026,Nouveaux,,0.0,0,,,0.0,,Goma,Nord-Kivu,MVE_SitRep_006_2026-05-21,FALSE
21/05/2026,21/05/2026,Nouveaux,,0.0,1,,,0.0,,Katwa,Nord-Kivu,MVE_SitRep_006_2026-05-21,FALSE
21/05/2026,21/05/2026,Nouveaux,8.0,0.0,0,,,0.0,0.0,Mongbwalu,Ituri,MVE_SitRep_006_2026-05-21,FALSE
21/05/2026,21/05/2026,Nouveaux,9.0,0.0,3,,,0.0,0.0,Nyankunde,Ituri,MVE_SitRep_006_2026-05-21,FALSE
21/05/2026,21/05/2026,Nouveaux,25.0,0.0,3,,,0.0,286.0,Rwampara,Ituri,MVE_SitRep_006_2026-05-21,FALSE
,21/05/2026,Cumules,746.0,,83,,176.0,,1603.0,,,MVE_SitRep_007_2026-05-22,TRUE
,21/05/2026,Cumules,2.0,,1,,0.0,,176.0,Bambu,Ituri,MVE_SitRep_007_2026-05-22,FALSE
,21/05/2026,Cumules,166.0,,15,,34.0,,290.0,Bunia,Ituri,MVE_SitRep_007_2026-05-22,FALSE
,21/05/2026,Cumules,7.0,,1,,0.0,,,Butembo,Nord-Kivu,MVE_SitRep_007_2026-05-22,FALSE
,21/05/2026,Cumules,0.0,,4,,0.0,,0.0,Echantillons sans fiche,Ituri,MVE_SitRep_007_2026-05-22,FALSE
,21/05/2026,Cumules,0.0,,1,,0.0,,,Goma,Nord-Kivu,MVE_SitRep_007_2026-05-22,FALSE
,21/05/2026,Cumules,13.0,,2,,0.0,,,Katwa,Nord-Kivu,MVE_SitRep_007_2026-05-22,FALSE
,21/05/2026,Cumules,1.0,,1,,0.0,,,Kilo Mission,Ituri,MVE_SitRep_007_2026-05-22,FALSE
,21/05/2026,Cumules,1.0,,1,,0.0,,,Miti Murhesa,Sud-Kivu,MVE_SitRep_007_2026-05-22,FALSE
,21/05/2026,Cumules,322.0,,14,,84.0,,176.0,Mongbwalu,Ituri,MVE_SitRep_007_2026-05-22,FALSE
,21/05/2026,Cumules,3.0,,1,,1.0,,,Nizi,Ituri,MVE_SitRep_007_2026-05-22,FALSE
,21/05/2026,Cumules,38.0,,11,,6.0,,340.0,Nyankunde,Ituri,MVE_SitRep_007_2026-05-22,FALSE
,21/05/2026,Cumules,193.0,,31,,51.0,,621.0,Rwampara,Ituri,MVE_SitRep_007_2026-05-22,FALSE
22/05/2026,22/05/2026,Nouveaux,70.0,0.0,18,,,2.0,342.0,,Ituri,MVE_SitRep_008_2026-05-23,TRUE
22/05/2026,22/05/2026,Nouveaux,0.0,0.0,1,,,1.0,0.0,,Sud-Kivu,MVE_SitRep_008_2026-05-23,TRUE
22/05/2026,22/05/2026,Nouveaux,2.0,,0,,,0.0,48.0,Bambu,Ituri,MVE_SitRep_008_2026-05-23,FALSE
22/05/2026,22/05/2026,Nouveaux,32.0,,6,,,1.0,87.0,Bunia,Ituri,MVE_SitRep_008_2026-05-23,FALSE
22/05/2026,22/05/2026,Nouveaux,,,0,,,0.0,,Butembo,Nord-Kivu,MVE_SitRep_008_2026-05-23,FALSE
22/05/2026,22/05/2026,Nouveaux,,,0,,,0.0,,Goma,Nord-Kivu,MVE_SitRep_008_2026-05-23,FALSE
22/05/2026,22/05/2026,Nouveaux,,,0,,,0.0,,Katwa,Nord-Kivu,MVE_SitRep_008_2026-05-23,FALSE
22/05/2026,22/05/2026,Nouveaux,1.0,,1,,,0.0,,Kilo,Ituri,MVE_SitRep_008_2026-05-23,FALSE
22/05/2026,22/05/2026,Nouveaux,,,1,,,1.0,,Miti Murhesa,Sud-Kivu,MVE_SitRep_008_2026-05-23,FALSE
22/05/2026,22/05/2026,Nouveaux,10.0,,1,,,0.0,0.0,Mongbwalu,Ituri,MVE_SitRep_008_2026-05-23,FALSE
22/05/2026,22/05/2026,Nouveaux,1.0,,1,,,0.0,,Nizi,Ituri,MVE_SitRep_008_2026-05-23,FALSE
22/05/2026,22/05/2026,Nouveaux,9.0,,2,,,0.0,207.0,Nyankunde,Ituri,MVE_SitRep_008_2026-05-23,FALSE
22/05/2026,22/05/2026,Nouveaux,14.0,,7,,,1.0,0.0,Rwampara,Ituri,MVE_SitRep_008_2026-05-23,FALSE
22/05/2026,22/05/2026,Nouveaux,70.0,0.0,19,,,3.0,342.0,Total,,MVE_SitRep_008_2026-05-23,TRUE
,22/05/2026,Cumules,3.0,,1,,0.0,,0.0,ARU,Ituri,MVE_SitRep_008_2026-05-23,FALSE
,22/05/2026,Cumules,227.0,,23,,42.0,,290.0,Bunia,Ituri,MVE_SitRep_008_2026-05-23,FALSE
,22/05/2026,Cumules,7.0,,2,,0.0,,,Butembo,Nord-Kivu,MVE_SitRep_008_2026-05-23,FALSE
,22/05/2026,Cumules,0.0,,6,,0.0,,0.0,Echantillons sans fiche,Ituri,MVE_SitRep_008_2026-05-23,FALSE
,22/05/2026,Cumules,,,1,,0.0,,,Goma,Nord-Kivu,MVE_SitRep_008_2026-05-23,FALSE
,22/05/2026,Cumules,13.0,,3,,0.0,,,Katwa,Nord-Kivu,MVE_SitRep_008_2026-05-23,FALSE
,22/05/2026,Cumules,6.0,,1,,2.0,,176.0,Kilo,Ituri,MVE_SitRep_008_2026-05-23,FALSE
,22/05/2026,Cumules,1.0,,1,,0.0,,,Miti Murhesa,Sud-Kivu,MVE_SitRep_008_2026-05-23,FALSE
,22/05/2026,Cumules,339.0,,10,,88.0,,222.0,Mongbwalu,Ituri,MVE_SitRep_008_2026-05-23,FALSE
,22/05/2026,Cumules,5.0,,2,,1.0,,0.0,Nizi,Ituri,MVE_SitRep_008_2026-05-23,FALSE
,22/05/2026,Cumules,45.0,,9,,8.0,,365.0,Nyankunde,Ituri,MVE_SitRep_008_2026-05-23,FALSE
,22/05/2026,Cumules,221.0,,32,,63.0,,621.0,Rwampara,Ituri,MVE_SitRep_008_2026-05-23,FALSE
,22/05/2026,Cumules,867.0,,91,,204.0,,1674.0,Total,,MVE_SitRep_008_2026-05-23,TRUE
23/05/2026,23/05/2026,Nouveaux,33.0,0.0,9,,,0.0,50.0,,Ituri,MVE_SitRep_009_2026-05-24,TRUE
23/05/2026,23/05/2026,Nouveaux,33.0,0.0,10,,,0.0,50.0,,,MVE_SitRep_009_2026-05-24,TRUE
23/05/2026,23/05/2026,Nouveaux,,0.0,0,,,0.0,,Bambu,Ituri,MVE_SitRep_009_2026-05-24,FALSE
23/05/2026,23/05/2026,Nouveaux,22.0,0.0,0,,,0.0,43.0,Bunia,Ituri,MVE_SitRep_009_2026-05-24,FALSE
23/05/2026,23/05/2026,Nouveaux,,0.0,0,,,0.0,,Butembo,Nord-Kivu,MVE_SitRep_009_2026-05-24,FALSE
23/05/2026,23/05/2026,Nouveaux,,0.0,0,,,0.0,,Goma,Nord-Kivu,MVE_SitRep_009_2026-05-24,FALSE
23/05/2026,23/05/2026,Nouveaux,,0.0,1,,,0.0,,Katwa,Nord-Kivu,MVE_SitRep_009_2026-05-24,FALSE
23/05/2026,23/05/2026,Nouveaux,8.0,0.0,0,,,0.0,,Kilo,Ituri,MVE_SitRep_009_2026-05-24,FALSE
23/05/2026,23/05/2026,Nouveaux,,0.0,0,,,0.0,,Miti Murhesa,Sud-Kivu,MVE_SitRep_009_2026-05-24,FALSE
23/05/2026,23/05/2026,Nouveaux,,0.0,9,,,0.0,0.0,Mongbwalu,Ituri,MVE_SitRep_009_2026-05-24,FALSE
23/05/2026,23/05/2026,Nouveaux,0.0,0.0,0,,,0.0,7.0,Nizi,Ituri,MVE_SitRep_009_2026-05-24,FALSE
23/05/2026,23/05/2026,Nouveaux,,0.0,0,,,0.0,0.0,Nyankunde,Ituri,MVE_SitRep_009_2026-05-24,FALSE
23/05/2026,23/05/2026,Nouveaux,3.0,0.0,0,,,0.0,0.0,Rwampara,Ituri,MVE_SitRep_009_2026-05-24,FALSE
,23/05/2026,Cumules,904.0,,101,119.0,,,1817.0,,,MVE_SitRep_009_2026-05-24,TRUE
,23/05/2026,Cumules,4.0,,1,1.0,,,0.0,Aru,Ituri,MVE_SitRep_009_2026-05-24,FALSE
,23/05/2026,Cumules,6.0,,0,2.0,,,183.0,Bambu,Ituri,MVE_SitRep_009_2026-05-24,FALSE
,23/05/2026,Cumules,249.0,,24,48.0,,,404.0,Bunia,Ituri,MVE_SitRep_009_2026-05-24,FALSE
,23/05/2026,Cumules,7.0,,1,0.0,,,,Butembo,Nord-Kivu,MVE_SitRep_009_2026-05-24,FALSE
,23/05/2026,Cumules,0.0,,6,0.0,,,0.0,Echantillons sans fiche,Ituri,MVE_SitRep_009_2026-05-24,FALSE
,23/05/2026,Cumules,0.0,,1,0.0,,,,Goma,Nord-Kivu,MVE_SitRep_009_2026-05-24,FALSE
,23/05/2026,Cumules,13.0,,4,0.0,,,,Katwa,Nord-Kivu,MVE_SitRep_009_2026-05-24,FALSE
,23/05/2026,Cumules,6.0,,1,2.0,,,0.0,Kilo,Ituri,MVE_SitRep_009_2026-05-24,FALSE
,23/05/2026,Cumules,1.0,,1,0.0,,,,Miti Murhesa,Sud-Kivu,MVE_SitRep_009_2026-05-24,FALSE
,23/05/2026,Cumules,339.0,,19,88.0,,,222.0,Mongbwalu,Ituri,MVE_SitRep_009_2026-05-24,FALSE
,23/05/2026,Cumules,6.0,,2,2.0,,,22.0,Nizi,Ituri,MVE_SitRep_009_2026-05-24,FALSE
,23/05/2026,Cumules,45.0,,9,8.0,,,365.0,Nyankunde,Ituri,MVE_SitRep_009_2026-05-24,FALSE
,23/05/2026,Cumules,228.0,,32,69.0,,,621.0,Rwampara,Ituri,MVE_SitRep_009_2026-05-24,FALSE
24/05/2026,24/05/2026,Nouveaux,2.0,0.0,0,,,0.0,0.0,,Ituri,MVE_SitRep_010_2026-05-25,TRUE
24/05/2026,24/05/2026,Nouveaux,,,0,,,0.0,,Aru,Ituri,MVE_SitRep_010_2026-05-25,FALSE
24/05/2026,24/05/2026,Nouveaux,,,0,,,0.0,0.0,Bunia,Ituri,MVE_SitRep_010_2026-05-25,FALSE
24/05/2026,24/05/2026,Nouveaux,,,2,,,0.0,,Butembo,Nord-Kivu,MVE_SitRep_010_2026-05-25,FALSE
24/05/2026,24/05/2026,Nouveaux,,,0,,,0.0,,Goma,Nord-Kivu,MVE_SitRep_010_2026-05-25,FALSE
24/05/2026,24/05/2026,Nouveaux,,,1,,,0.0,,Kalunguta,Nord-Kivu,MVE_SitRep_010_2026-05-25,FALSE
24/05/2026,24/05/2026,Nouveaux,,,0,,,0.0,,Katwa,Nord-Kivu,MVE_SitRep_010_2026-05-25,FALSE
24/05/2026,24/05/2026,Nouveaux,1.0,,0,,,0.0,,Kilo,Ituri,MVE_SitRep_010_2026-05-25,FALSE
24/05/2026,24/05/2026,Nouveaux,,,0,,,0.0,,Miti Murhesa,Sud-Kivu,MVE_SitRep_010_2026-05-25,FALSE
24/05/2026,24/05/2026,Nouveaux,,,0,,,0.0,0.0,Mongbwalu,Ituri,MVE_SitRep_010_2026-05-25,FALSE
24/05/2026,24/05/2026,Nouveaux,1.0,,0,,,0.0,0.0,Nizi,Ituri,MVE_SitRep_010_2026-05-25,FALSE
24/05/2026,24/05/2026,Nouveaux,,,0,,,0.0,0.0,Nyankunde,Ituri,MVE_SitRep_010_2026-05-25,FALSE
24/05/2026,24/05/2026,Nouveaux,,,1,,,0.0,,Oicha,Nord-Kivu,MVE_SitRep_010_2026-05-25,FALSE
24/05/2026,24/05/2026,Nouveaux,,,0,,,0.0,0.0,Rwampara,Ituri,MVE_SitRep_010_2026-05-25,FALSE
24/05/2026,24/05/2026,Nouveaux,0.0,0.0,4,,,0.0,0.0,Sous total Nord-Kivu/Sud-Kivu,,MVE_SitRep_010_2026-05-25,TRUE
24/05/2026,24/05/2026,Nouveaux,2.0,0.0,4,,,0.0,0.0,Total,,MVE_SitRep_010_2026-05-25,TRUE
,24/05/2026,Cumules,4.0,,1,1.0,,,0.0,Aru,Ituri,MVE_SitRep_010_2026-05-25,FALSE
,24/05/2026,Cumules,6.0,,0,2.0,,,183.0,Bambu,Ituri,MVE_SitRep_010_2026-05-25,FALSE
,24/05/2026,Cumules,249.0,,24,48.0,,,404.0,Bunia,Ituri,MVE_SitRep_010_2026-05-25,FALSE
,24/05/2026,Cumules,7.0,,3,0.0,,,22.0,Butembo,Nord-Kivu,MVE_SitRep_010_2026-05-25,FALSE
,24/05/2026,Cumules,0.0,,6,0.0,,,0.0,Echantillons sans fiche,Ituri,MVE_SitRep_010_2026-05-25,FALSE
,24/05/2026,Cumules,0.0,,1,0.0,,,28.0,Goma,Nord-Kivu,MVE_SitRep_010_2026-05-25,FALSE
,24/05/2026,Cumules,,,1,,,,,Kalunguta,Nord-Kivu,MVE_SitRep_010_2026-05-25,FALSE
,24/05/2026,Cumules,0.0,,0,0.0,,,249.0,Karissibi,Nord-Kivu,MVE_SitRep_010_2026-05-25,FALSE
,24/05/2026,Cumules,13.0,,4,0.0,,,99.0,Katwa,Nord-Kivu,MVE_SitRep_010_2026-05-25,FALSE
,24/05/2026,Cumules,8.0,,1,2.0,,,0.0,Kilo,Ituri,MVE_SitRep_010_2026-05-25,FALSE
,24/05/2026,Cumules,0.0,,0,0.0,,,16.0,Kyondo,Nord-Kivu,MVE_SitRep_010_2026-05-25,FALSE
,24/05/2026,Cumules,1.0,,1,0.0,,,,Miti Murhesa,Sud-Kivu,MVE_SitRep_010_2026-05-25,FALSE
,24/05/2026,Cumules,339.0,,19,88.0,,,222.0,Mongbwalu,Ituri,MVE_SitRep_010_2026-05-25,FALSE
,24/05/2026,Cumules,6.0,,2,2.0,,,22.0,Nizi,Ituri,MVE_SitRep_010_2026-05-25,FALSE
,24/05/2026,Cumules,45.0,,9,11.0,,,365.0,Nyankunde,Ituri,MVE_SitRep_010_2026-05-25,FALSE
,24/05/2026,Cumules,,,1,,,,,Oicha,Nord-Kivu,MVE_SitRep_010_2026-05-25,FALSE
,24/05/2026,Cumules,228.0,,32,69.0,,,621.0,Rwampara,Ituri,MVE_SitRep_010_2026-05-25,FALSE
,24/05/2026,Cumules,906.0,,105,223.0,,,2231.0,Total,,MVE_SitRep_010_2026-05-25,TRUE
,25/05/2026,Cumules,4,,1,1,,,0,Aru,Ituri,MVE_SitRep_011_2026-05-27,FALSE
,25/05/2026,Cumules,6,,0,2,,,183,Bambu,Ituri,MVE_SitRep_011_2026-05-27,FALSE
,25/05/2026,Cumules,270,,24,55,,,404,Bunia,Ituri,MVE_SitRep_011_2026-05-27,FALSE
,25/05/2026,Cumules,7,,3,0,,,22,Butembo,Nord-Kivu,MVE_SitRep_011_2026-05-27,FALSE
,25/05/2026,Cumules,0,,6,0,,,0,Echantillons sans fiche,Ituri,MVE_SitRep_011_2026-05-27,FALSE
,25/05/2026,Cumules,0,,1,0,,,28,Goma,Nord-Kivu,MVE_SitRep_011_2026-05-27,FALSE
,25/05/2026,Cumules,0,,1,0,,,0,Kalunguta,Nord-Kivu,MVE_SitRep_011_2026-05-27,FALSE
,25/05/2026,Cumules,,,0,0,,,249,Karissibi,Nord-Kivu,MVE_SitRep_011_2026-05-27,FALSE
,25/05/2026,Cumules,13,,4,0,,,99,Katwa,Nord-Kivu,MVE_SitRep_011_2026-05-27,FALSE
,25/05/2026,Cumules,18,,1,0,,,0,Kilo,Ituri,MVE_SitRep_011_2026-05-27,FALSE
,25/05/2026,Cumules,,,1,0,,,16,Kyondo,Nord-Kivu,MVE_SitRep_011_2026-05-27,FALSE
,25/05/2026,Cumules,1,,1,0,,,,Miti Murhesa,Sud-Kivu,MVE_SitRep_011_2026-05-27,FALSE
,25/05/2026,Cumules,364,,19,88,,,222,Mongbwalu,Ituri,MVE_SitRep_011_2026-05-27,FALSE
,25/05/2026,Cumules,9,,2,2,,,22,Nizi,Ituri,MVE_SitRep_011_2026-05-27,FALSE
,25/05/2026,Cumules,66,,9,15,,,365,Nyankunde,Ituri,MVE_SitRep_011_2026-05-27,FALSE
,25/05/2026,Cumules,,,1,0,,,0,Oicha,Nord-Kivu,MVE_SitRep_011_2026-05-27,FALSE
,25/05/2026,Cumules,240,,32,75,,,621,Rwampara,Ituri,MVE_SitRep_011_2026-05-27,FALSE
,25/05/2026,Cumules,998,,106,238,,12,2231,Total,,MVE_SitRep_011_2026-05-27,TRUE
,26/05/2026,Nouveaux,,,16,,,,,,Ituri,MVE_SitRep_012_2026-05-27,TRUE
,26/05/2026,Nouveaux,,,16,,,,,,,MVE_SitRep_012_2026-05-27_v2,TRUE
,26/05/2026,Cumules,1077,,121,238,,17,,,,MVE_SitRep_012_2026-05-27,TRUE
,26/05/2026,Cumules,,,110,,,,,,Ituri,MVE_SitRep_012_2026-05-27_v2,TRUE
,26/05/2026,Cumules,,,10,,,,,,Nord-Kivu,MVE_SitRep_012_2026-05-27_v2,TRUE
,26/05/2026,Cumules,,,1,,,,,,Sud-Kivu,MVE_SitRep_012_2026-05-27_v2,TRUE
,26/05/2026,Cumules,1077,,121,246,,17,,,Total,MVE_SitRep_012_2026-05-27_v2,TRUE
,27/05/2026,Cumules,885,,110,223,,,2225,,Ituri,MVE_SitRep_013_2026-05-28,TRUE
,27/05/2026,Cumules,20,,14,0,,,410,,Nord-Kivu,MVE_SitRep_013_2026-05-28,TRUE
,27/05/2026,Cumules,1,,1,0,,,0,,Sud-Kivu,MVE_SitRep_013_2026-05-28,TRUE
,27/05/2026,Cumules,4,,1,1,,,0,Aru,Ituri,MVE_SitRep_013_2026-05-28,FALSE
,27/05/2026,Cumules,6,,0,2,,,244,Bambu,Ituri,MVE_SitRep_013_2026-05-28,FALSE
,27/05/2026,Cumules,249,,37,48,,,404,Bunia,Ituri,MVE_SitRep_013_2026-05-28,FALSE
,27/05/2026,Cumules,7,,5,0,,,28,Butembo,Nord-Kivu,MVE_SitRep_013_2026-05-28,FALSE
,27/05/2026,Cumules,0,,6,0,,,0,Echantillons sans fiche,Ituri,MVE_SitRep_013_2026-05-28,FALSE
,27/05/2026,Cumules,0,,1,0,,,74,Goma,Nord-Kivu,MVE_SitRep_013_2026-05-28,FALSE
,27/05/2026,Cumules,13,,2,0,,,,Kalunguta,Nord-Kivu,MVE_SitRep_013_2026-05-28,FALSE
,27/05/2026,Cumules,0,,4,0,,,111,Katwa,Nord-Kivu,MVE_SitRep_013_2026-05-28,FALSE
,27/05/2026,Cumules,8,,1,2,,,41,Kilo,Ituri,MVE_SitRep_013_2026-05-28,FALSE
,27/05/2026,Cumules,0,,0,0,,,16,Kyondo,Nord-Kivu,MVE_SitRep_013_2026-05-28,FALSE
,27/05/2026,Cumules,1,,1,0,,,,Miti Murhesa,Sud-Kivu,MVE_SitRep_013_2026-05-28,FALSE
,27/05/2026,Cumules,339,,20,88,,,222,Mongbwalu,Ituri,MVE_SitRep_013_2026-05-28,FALSE
,27/05/2026,Cumules,6,,2,2,,,220,Nizi,Ituri,MVE_SitRep_013_2026-05-28,FALSE
,27/05/2026,Cumules,45,,10,11,,,397,Nyankunde,Ituri,MVE_SitRep_013_2026-05-28,FALSE
,27/05/2026,Cumules,0,,2,0,,,,Oicha,Nord-Kivu,MVE_SitRep_013_2026-05-28,FALSE
,27/05/2026,Cumules,228,,33,69,,,697,Rwampara,Ituri,MVE_SitRep_013_2026-05-28,FALSE
,27/05/2026,Cumules,906,,125,223,,17,2635,Total,,MVE_SitRep_013_2026-05-28,TRUE
,28/05/2026,Nouveaux,,,84,,,,,,,MVE_SitRep_014_2026-05-30,TRUE
,28/05/2026,Cumules,349,,210,,,17,,,,MVE_SitRep_014_2026-05-30,TRUE
29/05/2026,29/05/2026,Nouveaux,60,,52,13,,,,,Ituri,MVE_SitRep_015_2026-05-29,TRUE
29/05/2026,29/05/2026,Nouveaux,0,,0,0,,,,,Nord-Kivu,MVE_SitRep_015_2026-05-29,TRUE
29/05/2026,29/05/2026,Nouveaux,0,,2,0,,,,,Sud-Kivu,MVE_SitRep_015_2026-05-29,TRUE
29/05/2026,29/05/2026,Nouveaux,,,0,,,,,Aru,Ituri,MVE_SitRep_015_2026-05-29,FALSE
29/05/2026,29/05/2026,Nouveaux,,,0,,,,,Aungba,Ituri,MVE_SitRep_015_2026-05-29,FALSE
29/05/2026,29/05/2026,Nouveaux,8,,0,1,,,,Bambu,Ituri,MVE_SitRep_015_2026-05-29,FALSE
29/05/2026,29/05/2026,Nouveaux,19,,21,9,,,,Bunia,Ituri,MVE_SitRep_015_2026-05-29,FALSE
29/05/2026,29/05/2026,Nouveaux,1,,0,0,,,,Damas,Ituri,MVE_SitRep_015_2026-05-29,FALSE
29/05/2026,29/05/2026,Nouveaux,3,,,0,,,,Gety,Ituri,MVE_SitRep_015_2026-05-29,FALSE
29/05/2026,29/05/2026,Nouveaux,2,,,0,,,,Jiba,Ituri,MVE_SitRep_015_2026-05-29,FALSE
29/05/2026,29/05/2026,Nouveaux,,,0,,,,,Kilo,Ituri,MVE_SitRep_015_2026-05-29,FALSE
29/05/2026,29/05/2026,Nouveaux,,,1,,,,,Lita,Ituri,MVE_SitRep_015_2026-05-29,FALSE
29/05/2026,29/05/2026,Nouveaux,,,0,,,,,Mangala,Ituri,MVE_SitRep_015_2026-05-29,FALSE
29/05/2026,29/05/2026,Nouveaux,,,2,,,,,Miti Murhesa,Sud-Kivu,MVE_SitRep_015_2026-05-29,FALSE
29/05/2026,29/05/2026,Nouveaux,7,,8,0,,,,Mongbwalu,Ituri,MVE_SitRep_015_2026-05-29,FALSE
29/05/2026,29/05/2026,Nouveaux,,,0,,,,,Nizi,Ituri,MVE_SitRep_015_2026-05-29,FALSE
29/05/2026,29/05/2026,Nouveaux,7,,2,1,,,,Nyankunde,Ituri,MVE_SitRep_015_2026-05-29,FALSE
29/05/2026,29/05/2026,Nouveaux,13,,12,2,,,,Rwampara,Ituri,MVE_SitRep_015_2026-05-29,FALSE
29/05/2026,29/05/2026,Nouveaux,,,8,,,,,Sans fiche,Ituri,MVE_SitRep_015_2026-05-29,FALSE
29/05/2026,29/05/2026,Nouveaux,60,,54,13,,,,Total,,MVE_SitRep_015_2026-05-29,TRUE
29/05/2026,29/05/2026,Nouveaux,,,0,,,,,ZS non identifiée,Ituri,MVE_SitRep_015_2026-05-29,FALSE
,29/05/2026,Cumules,,,245,,,35,2671,,Ituri,MVE_SitRep_015_2026-05-29,TRUE
,29/05/2026,Cumules,,,15,,,6,529,,Nord-Kivu,MVE_SitRep_015_2026-05-29,TRUE
,29/05/2026,Cumules,,,3,,,1,0,,Sud-Kivu,MVE_SitRep_015_2026-05-29,TRUE
,29/05/2026,Cumules,,,2,,,1,107,Aru,Ituri,MVE_SitRep_015_2026-05-29,FALSE
,29/05/2026,Cumules,,,1,,,,,Aungba,Ituri,MVE_SitRep_015_2026-05-29,FALSE
,29/05/2026,Cumules,,,2,,,2,323,Bambu,Ituri,MVE_SitRep_015_2026-05-29,FALSE
,29/05/2026,Cumules,,,2,,,,,Beni,Nord-Kivu,MVE_SitRep_015_2026-05-29,FALSE
,29/05/2026,Cumules,,,80,,,8,476,Bunia,Ituri,MVE_SitRep_015_2026-05-29,FALSE
,29/05/2026,Cumules,,,5,,,2,24,Butembo,Nord-Kivu,MVE_SitRep_015_2026-05-29,FALSE
,29/05/2026,Cumules,,,1,,,,,Damas,Ituri,MVE_SitRep_015_2026-05-29,FALSE
,29/05/2026,Cumules,,,1,,,,,Gety,Ituri,MVE_SitRep_015_2026-05-29,FALSE
,29/05/2026,Cumules,,,1,,,,66,Goma,Nord-Kivu,MVE_SitRep_015_2026-05-29,FALSE
,29/05/2026,Cumules,,,1,,,1,20,Kalunguta,Nord-Kivu,MVE_SitRep_015_2026-05-29,FALSE
,29/05/2026,Cumules,,,0,,,,249,Karisimbi,Nord-Kivu,MVE_SitRep_015_2026-05-29,FALSE
,29/05/2026,Cumules,,,4,,,3,112,Katwa,Nord-Kivu,MVE_SitRep_015_2026-05-29,FALSE
,29/05/2026,Cumules,,,2,,,,41,Kilo,Ituri,MVE_SitRep_015_2026-05-29,FALSE
,29/05/2026,Cumules,,,1,,,,,Komanda,Ituri,MVE_SitRep_015_2026-05-29,FALSE
,29/05/2026,Cumules,,,1,,,0,16,Kyondo,Nord-Kivu,MVE_SitRep_015_2026-05-29,FALSE
,29/05/2026,Cumules,,,1,,,,,Lita,Ituri,MVE_SitRep_015_2026-05-29,FALSE
,29/05/2026,Cumules,,,1,,,,,Mangala,Ituri,MVE_SitRep_015_2026-05-29,FALSE
,29/05/2026,Cumules,,,0,,,0,10,Manguripa,Nord-Kivu,MVE_SitRep_015_2026-05-29,FALSE
,29/05/2026,Cumules,,,3,,,1,,Miti Murhesa,Sud-Kivu,MVE_SitRep_015_2026-05-29,FALSE
,29/05/2026,Cumules,,,47,,,10,235,Mongbwalu,Ituri,MVE_SitRep_015_2026-05-29,FALSE
,29/05/2026,Cumules,,,2,,,,288,Nizi,Ituri,MVE_SitRep_015_2026-05-29,FALSE
,29/05/2026,Cumules,,,19,,,1,435,Nyankunde,Ituri,MVE_SitRep_015_2026-05-29,FALSE
,29/05/2026,Cumules,,,1,,,,32,Oicha,Nord-Kivu,MVE_SitRep_015_2026-05-29,FALSE
,29/05/2026,Cumules,,,65,,,13,766,Rwampara,Ituri,MVE_SitRep_015_2026-05-29,FALSE
,29/05/2026,Cumules,,,14,,,,,Sans fiche,Ituri,MVE_SitRep_015_2026-05-29,FALSE
,29/05/2026,Cumules,,,263,,,42,3200,Total,,MVE_SitRep_015_2026-05-29,TRUE
,29/05/2026,Cumules,,,6,,,,,ZS non identifiée,Ituri,MVE_SitRep_015_2026-05-29,FALSE
,30/05/2026,Nouveaux,,,19,,,,,,,MVE_SitRep_016_2026-05-30,TRUE
,30/05/2026,Cumules,,,264,,,,,,Ituri,MVE_SitRep_016_2026-05-30,TRUE
,30/05/2026,Cumules,,,15,,,,,,Nord-Kivu,MVE_SitRep_016_2026-05-30,TRUE
,30/05/2026,Cumules,,,3,,,,,,Sud-Kivu,MVE_SitRep_016_2026-05-30,TRUE
,30/05/2026,Cumules,,,282,,,42,,Total,,MVE_SitRep_016_2026-05-30,TRUE
,31/05/2026,Nouveaux,,,4,,,,,Bunia,Ituri,MVE_SitRep_017_2026-06-01,FALSE
,31/05/2026,Nouveaux,,,1,,,,,Logo,Ituri,MVE_SitRep_017_2026-06-01,FALSE
,31/05/2026,Nouveaux,,,1,,,,,Nizi,Ituri,MVE_SitRep_017_2026-06-01,FALSE
,31/05/2026,Nouveaux,,,1,,,,,Nyankunde,Ituri,MVE_SitRep_017_2026-06-01,FALSE
,31/05/2026,Nouveaux,,,5,,,,,Rwampara,Ituri,MVE_SitRep_017_2026-06-01,FALSE
,31/05/2026,Nouveaux,,,12,,,,,Total,,MVE_SitRep_017_2026-06-01,TRUE
,31/05/2026,Cumules,,,299,,,46,,,Ituri,MVE_SitRep_017_2026-06-01,TRUE
,31/05/2026,Cumules,,,19,,,1,,,Nord-Kivu,MVE_SitRep_017_2026-06-01,TRUE
,31/05/2026,Cumules,,,3,,,1,,,Sud-Kivu,MVE_SitRep_017_2026-06-01,TRUE
,31/05/2026,Cumules,,,321,,,48,,,Total,MVE_SitRep_017_2026-06-01,TRUE
01/06/2026,01/06/2026,Nouveaux,,,23,,,,,,Ituri,MVE_SitRep_018_2026-06-02,TRUE
01/06/2026,01/06/2026,Nouveaux,,,0,,,,,,Nord-Kivu,MVE_SitRep_018_2026-06-02,TRUE
01/06/2026,01/06/2026,Nouveaux,,,0,,,,,,Sud-Kivu,MVE_SitRep_018_2026-06-02,TRUE
01/06/2026,01/06/2026,Nouveaux,,,23,,,,,,,MVE_SitRep_018_2026-06-02,TRUE
,01/06/2026,Nouveaux,,,23,,,,,,Ituri,MVE_SitRep_018_2026-06-02,TRUE
,01/06/2026,Nouveaux,,,0,,,,,,Nord-Kivu,MVE_SitRep_018_2026-06-02,TRUE
,01/06/2026,Nouveaux,,,0,,,,,,Sud-Kivu,MVE_SitRep_018_2026-06-02,TRUE
,01/06/2026,Nouveaux,,,23,,,,,,,MVE_SitRep_018_2026-06-02,TRUE
01/06/2026,01/06/2026,Nouveaux,,,6,,,,,Bunia,Ituri,MVE_SitRep_018_2026-06-02,FALSE
,01/06/2026,Nouveaux,,,6,,,,,Bunia,Ituri,MVE_SitRep_018_2026-06-02,FALSE
01/06/2026,01/06/2026,Nouveaux,,,1,,,,,Komanda,Ituri,MVE_SitRep_018_2026-06-02,FALSE
,01/06/2026,Nouveaux,,,1,,,,,Komanda,Ituri,MVE_SitRep_018_2026-06-02,FALSE
01/06/2026,01/06/2026,Nouveaux,,,2,,,,,Mambasa,Ituri,MVE_SitRep_018_2026-06-02,FALSE
,01/06/2026,Nouveaux,,,2,,,,,Mambasa,Ituri,MVE_SitRep_018_2026-06-02,FALSE
01/06/2026,01/06/2026,Nouveaux,,,11,,,,,Mongbwalu,Ituri,MVE_SitRep_018_2026-06-02,FALSE
,01/06/2026,Nouveaux,,,11,,,,,Mongbwalu,Ituri,MVE_SitRep_018_2026-06-02,FALSE
01/06/2026,01/06/2026,Nouveaux,,,3,,,,,Rwampara,Ituri,MVE_SitRep_018_2026-06-02,FALSE
,01/06/2026,Nouveaux,,,3,,,,,Rwampara,Ituri,MVE_SitRep_018_2026-06-02,FALSE
,01/06/2026,Cumules,,,322,,,46,,,Ituri,MVE_SitRep_018_2026-06-02,TRUE
,01/06/2026,Cumules,,,19,,,13,,,Nord-Kivu,MVE_SitRep_018_2026-06-02,TRUE
,01/06/2026,Cumules,,,3,,,1,,,Sud-Kivu,MVE_SitRep_018_2026-06-02,TRUE
,01/06/2026,Cumules,,,344,,,60,,,,MVE_SitRep_018_2026-06-02,TRUE
,01/06/2026,Cumules,,,2,,,1,,Aru,Ituri,MVE_SitRep_018_2026-06-02,FALSE
,01/06/2026,Cumules,,,1,,,0,,Aungba,Ituri,MVE_SitRep_018_2026-06-02,FALSE
,01/06/2026,Cumules,,,94,,,10,,Autres ZS (données non ventilées),Ituri,MVE_SitRep_018_2026-06-02,FALSE
,01/06/2026,Cumules,,,2,,,2,,Bambu,Ituri,MVE_SitRep_018_2026-06-02,FALSE
,01/06/2026,Cumules,,,5,,,3,,Beni,Nord-Kivu,MVE_SitRep_018_2026-06-02,FALSE
,01/06/2026,Cumules,,,80,,,8,,Bunia,Ituri,MVE_SitRep_018_2026-06-02,FALSE
,01/06/2026,Cumules,,,2,,,2,,Butembo,Nord-Kivu,MVE_SitRep_018_2026-06-02,FALSE
,01/06/2026,Cumules,,,1,,,0,,Damas,Ituri,MVE_SitRep_018_2026-06-02,FALSE
,01/06/2026,Cumules,,,1,,,0,,Gety,Ituri,MVE_SitRep_018_2026-06-02,FALSE
,01/06/2026,Cumules,,,1,,,0,,Goma,Nord-Kivu,MVE_SitRep_018_2026-06-02,FALSE
,01/06/2026,Cumules,,,1,,,1,,Kalunguta,Nord-Kivu,MVE_SitRep_018_2026-06-02,FALSE
,01/06/2026,Cumules,,,7,,,5,,Katwa,Nord-Kivu,MVE_SitRep_018_2026-06-02,FALSE
,01/06/2026,Cumules,,,2,,,0,,Kilo,Ituri,MVE_SitRep_018_2026-06-02,FALSE
,01/06/2026,Cumules,,,1,,,0,,Komanda,Ituri,MVE_SitRep_018_2026-06-02,FALSE
,01/06/2026,Cumules,,,1,,,0,,Kyondo,Nord-Kivu,MVE_SitRep_018_2026-06-02,FALSE
,01/06/2026,Cumules,,,1,,,0,,Lita,Ituri,MVE_SitRep_018_2026-06-02,FALSE
,01/06/2026,Cumules,,,1,,,0,,Logo,Ituri,MVE_SitRep_018_2026-06-02,FALSE
,01/06/2026,Cumules,,,2,,,1,,Mambasa,Ituri,MVE_SitRep_018_2026-06-02,FALSE
,01/06/2026,Cumules,,,1,,,0,,Mangala,Ituri,MVE_SitRep_018_2026-06-02,FALSE
,01/06/2026,Cumules,,,3,,,1,,Miti-Murhesa,Sud-Kivu,MVE_SitRep_018_2026-06-02,FALSE
,01/06/2026,Cumules,,,47,,,10,,Mongbwalu,Ituri,MVE_SitRep_018_2026-06-02,FALSE
,01/06/2026,Cumules,,,2,,,0,,Nizi,Ituri,MVE_SitRep_018_2026-06-02,FALSE
,01/06/2026,Cumules,,,19,,,1,,Nyankunde,Ituri,MVE_SitRep_018_2026-06-02,FALSE
,01/06/2026,Cumules,,,2,,,2,,Oicha,Nord-Kivu,MVE_SitRep_018_2026-06-02,FALSE
,01/06/2026,Cumules,,,65,,,13,,Rwampara,Ituri,MVE_SitRep_018_2026-06-02,FALSE
02/06/2026,02/06/2026,Nouveaux,,,5,,,,,Bunia,Ituri,MVE_SitRep_019_2026-06-03,FALSE
02/06/2026,02/06/2026,Nouveaux,,,1,,,,,Damas,Ituri,MVE_SitRep_019_2026-06-03,FALSE
02/06/2026,02/06/2026,Nouveaux,,,3,,,,,Nyankunde,Ituri,MVE_SitRep_019_2026-06-03,FALSE
02/06/2026,02/06/2026,Nouveaux,,,3,,,,,Rimba,Ituri,MVE_SitRep_019_2026-06-03,FALSE
02/06/2026,02/06/2026,Nouveaux,,,7,,,,,Rwampara,Ituri,MVE_SitRep_019_2026-06-03,FALSE
02/06/2026,02/06/2026,Nouveaux,,,19,,,2,,Total,,MVE_SitRep_019_2026-06-03,TRUE
,02/06/2026,Cumules,,,341,,,48,,,Ituri,MVE_SitRep_019_2026-06-03,TRUE
,02/06/2026,Cumules,,,19,,,13,,,Nord-Kivu,MVE_SitRep_019_2026-06-03,TRUE
,02/06/2026,Cumules,,,3,,,1,,,Sud-Kivu,MVE_SitRep_019_2026-06-03,TRUE
,02/06/2026,Cumules,,,2,,,1,,Aru,Ituri,MVE_SitRep_019_2026-06-03,FALSE
,02/06/2026,Cumules,,,1,,,0,,Aungba,Ituri,MVE_SitRep_019_2026-06-03,FALSE
,02/06/2026,Cumules,,,94,,,10,,Autres ZS (données non ventilées),Ituri,MVE_SitRep_019_2026-06-03,FALSE
,02/06/2026,Cumules,,,2,,,2,,Bambu,Ituri,MVE_SitRep_019_2026-06-03,FALSE
,02/06/2026,Cumules,,,5,,,3,,Beni,Nord-Kivu,MVE_SitRep_019_2026-06-03,FALSE
,02/06/2026,Cumules,,,85,,,8,,Bunia,Ituri,MVE_SitRep_019_2026-06-03,FALSE
,02/06/2026,Cumules,,,2,,,2,,Butembo,Nord-Kivu,MVE_SitRep_019_2026-06-03,FALSE
,02/06/2026,Cumules,,,2,,,0,,Damas,Ituri,MVE_SitRep_019_2026-06-03,FALSE
,02/06/2026,Cumules,,,1,,,0,,Gety,Ituri,MVE_SitRep_019_2026-06-03,FALSE
,02/06/2026,Cumules,,,1,,,0,,Goma,Nord-Kivu,MVE_SitRep_019_2026-06-03,FALSE
,02/06/2026,Cumules,,,1,,,1,,Kalunguta,Nord-Kivu,MVE_SitRep_019_2026-06-03,FALSE
,02/06/2026,Cumules,,,7,,,5,,Katwa,Nord-Kivu,MVE_SitRep_019_2026-06-03,FALSE
,02/06/2026,Cumules,,,2,,,0,,Kilo,Ituri,MVE_SitRep_019_2026-06-03,FALSE
,02/06/2026,Cumules,,,1,,,0,,Komanda,Ituri,MVE_SitRep_019_2026-06-03,FALSE
,02/06/2026,Cumules,,,1,,,0,,Kyondo,Nord-Kivu,MVE_SitRep_019_2026-06-03,FALSE
,02/06/2026,Cumules,,,1,,,0,,Lita,Ituri,MVE_SitRep_019_2026-06-03,FALSE
,02/06/2026,Cumules,,,1,,,0,,Logo,Ituri,MVE_SitRep_019_2026-06-03,FALSE
,02/06/2026,Cumules,,,2,,,1,,Mambasa,Ituri,MVE_SitRep_019_2026-06-03,FALSE
,02/06/2026,Cumules,,,1,,,0,,Mangala,Ituri,MVE_SitRep_019_2026-06-03,FALSE
,02/06/2026,Cumules,,,3,,,1,,Miti-Murhesa,Sud-Kivu,MVE_SitRep_019_2026-06-03,FALSE
,02/06/2026,Cumules,,,47,,,10,,Mongbwalu,Ituri,MVE_SitRep_019_2026-06-03,FALSE
,02/06/2026,Cumules,,,2,,,0,,Nizi,Ituri,MVE_SitRep_019_2026-06-03,FALSE
,02/06/2026,Cumules,,,22,,,1,,Nyankunde,Ituri,MVE_SitRep_019_2026-06-03,FALSE
,02/06/2026,Cumules,,,2,,,2,,Oicha,Nord-Kivu,MVE_SitRep_019_2026-06-03,FALSE
,02/06/2026,Cumules,,,3,,,0,,Rimba,Ituri,MVE_SitRep_019_2026-06-03,FALSE
,02/06/2026,Cumules,,,72,,,15,,Rwampara,Ituri,MVE_SitRep_019_2026-06-03,FALSE
,02/06/2026,Cumules,,,363,,,62,,TOTAL,,MVE_SitRep_019_2026-06-03,TRUE
03/06/2026,03/06/2026,Nouveaux,,,12,,,0,55,Bunia,Ituri,MVE_SitRep_020_2026-06-04,FALSE
03/06/2026,03/06/2026,Nouveaux,,,1,,,0,,Damas,Ituri,MVE_SitRep_020_2026-06-04,FALSE
03/06/2026,03/06/2026,Nouveaux,,,1,,,0,,Lita,Ituri,MVE_SitRep_020_2026-06-04,FALSE
03/06/2026,03/06/2026,Nouveaux,,,4,,,0,93,Rwampara,Ituri,MVE_SitRep_020_2026-06-04,FALSE
03/06/2026,03/06/2026,Nouveaux,,,18,,,0,232,Total,,MVE_SitRep_020_2026-06-04,TRUE
,03/06/2026,Cumules,,,359,,,50,,,Ituri,MVE_SitRep_020_2026-06-04,TRUE
,03/06/2026,Cumules,,,19,,,13,,,Nord-Kivu,MVE_SitRep_020_2026-06-04,TRUE
,03/06/2026,Cumules,,,3,,,1,,,Sud-Kivu,MVE_SitRep_020_2026-06-04,TRUE
,03/06/2026,Cumules,,,2,,,1,,Aru,Ituri,MVE_SitRep_020_2026-06-04,FALSE
,03/06/2026,Cumules,,,1,,,0,,Aungba,Ituri,MVE_SitRep_020_2026-06-04,FALSE
,03/06/2026,Cumules,,,94,,,10,,Autres ZS (non ventilées),Ituri,MVE_SitRep_020_2026-06-04,FALSE
,03/06/2026,Cumules,,,2,,,2,,Bambu,Ituri,MVE_SitRep_020_2026-06-04,FALSE
,03/06/2026,Cumules,,,5,,,3,,Beni,Nord-Kivu,MVE_SitRep_020_2026-06-04,FALSE
,03/06/2026,Cumules,,,97,,,9,,Bunia,Ituri,MVE_SitRep_020_2026-06-04,FALSE
,03/06/2026,Cumules,,,2,,,2,,Butembo,Nord-Kivu,MVE_SitRep_020_2026-06-04,FALSE
,03/06/2026,Cumules,,,3,,,0,,Damas,Ituri,MVE_SitRep_020_2026-06-04,FALSE
,03/06/2026,Cumules,,,1,,,0,,Gety,Ituri,MVE_SitRep_020_2026-06-04,FALSE
,03/06/2026,Cumules,,,1,,,0,,Goma,Nord-Kivu,MVE_SitRep_020_2026-06-04,FALSE
,03/06/2026,Cumules,,,1,,,1,,Kalunguta,Nord-Kivu,MVE_SitRep_020_2026-06-04,FALSE
,03/06/2026,Cumules,,,7,,,5,,Katwa,Nord-Kivu,MVE_SitRep_020_2026-06-04,FALSE
,03/06/2026,Cumules,,,2,,,0,,Kilo,Ituri,MVE_SitRep_020_2026-06-04,FALSE
,03/06/2026,Cumules,,,1,,,0,,Komanda,Ituri,MVE_SitRep_020_2026-06-04,FALSE
,03/06/2026,Cumules,,,1,,,0,,Kyondo,Nord-Kivu,MVE_SitRep_020_2026-06-04,FALSE
,03/06/2026,Cumules,,,2,,,0,,Lita,Ituri,MVE_SitRep_020_2026-06-04,FALSE
,03/06/2026,Cumules,,,1,,,0,,Logo,Ituri,MVE_SitRep_020_2026-06-04,FALSE
,03/06/2026,Cumules,,,2,,,1,,Mambasa,Ituri,MVE_SitRep_020_2026-06-04,FALSE
,03/06/2026,Cumules,,,1,,,0,,Mangala,Ituri,MVE_SitRep_020_2026-06-04,FALSE
,03/06/2026,Cumules,,,3,,,1,,Miti-Murhesa,Sud-Kivu,MVE_SitRep_020_2026-06-04,FALSE
,03/06/2026,Cumules,,,47,,,10,,Mongbwalu,Ituri,MVE_SitRep_020_2026-06-04,FALSE
,03/06/2026,Cumules,,,2,,,0,,Nizi,Ituri,MVE_SitRep_020_2026-06-04,FALSE
,03/06/2026,Cumules,,,22,,,1,,Nyankunde,Ituri,MVE_SitRep_020_2026-06-04,FALSE
,03/06/2026,Cumules,,,2,,,2,,Oicha,Nord-Kivu,MVE_SitRep_020_2026-06-04,FALSE
,03/06/2026,Cumules,,,3,,,0,,Rimba,Ituri,MVE_SitRep_020_2026-06-04,FALSE
,03/06/2026,Cumules,,,76,,,16,,Rwampara,Ituri,MVE_SitRep_020_2026-06-04,FALSE
,03/06/2026,Cumules,,,359,,,50,,Sous-total Ituri,Ituri,MVE_SitRep_020_2026-06-04,TRUE
,03/06/2026,Cumules,,,19,,,13,,Sous-total Nord-Kivu,Nord-Kivu,MVE_SitRep_020_2026-06-04,TRUE
,03/06/2026,Cumules,,,3,,,1,,Sous-total Sud-Kivu,Sud-Kivu,MVE_SitRep_020_2026-06-04,TRUE
,03/06/2026,Cumules,,,381,,,64,,TOTAL,,MVE_SitRep_020_2026-06-04,TRUE
,04/06/2026,Nouveaux,,,65,,,16,,,Ituri,MVE_SitRep_021_2026-06-05,TRUE
,04/06/2026,Nouveaux,,,6,,,2,,,Nord-Kivu,MVE_SitRep_021_2026-06-05,TRUE
,04/06/2026,Nouveaux,,,0,,,0,,,Sud-Kivu,MVE_SitRep_021_2026-06-05,TRUE
,04/06/2026,Nouveaux,,,71,,,21,,,Total,MVE_SitRep_021_2026-06-05,TRUE
,04/06/2026,Nouveaux,,,71,,,21,,Total,,MVE_SitRep_021_2026-06-05,TRUE
,04/06/2026,Cumules,,,424,,,66,,,Ituri,MVE_SitRep_021_2026-06-05,TRUE
,04/06/2026,Cumules,,,25,,,15,,,Nord-Kivu,MVE_SitRep_021_2026-06-05,TRUE
,04/06/2026,Cumules,,,3,,,1,,,Sud-Kivu,MVE_SitRep_021_2026-06-05,TRUE
,04/06/2026,Cumules,,,452,,,82,,,Total,MVE_SitRep_021_2026-06-05,TRUE
,04/06/2026,Cumules,,,3,,,1,,Aru,Ituri,MVE_SitRep_021_2026-06-05,FALSE
,04/06/2026,Cumules,,,1,,,0,,Aungba,Ituri,MVE_SitRep_021_2026-06-05,FALSE
,04/06/2026,Cumules,,,94,,,10,,Autres ZS (données non ventilées),Ituri,MVE_SitRep_021_2026-06-05,FALSE
,04/06/2026,Cumules,,,5,,,2,,Bambu,Ituri,MVE_SitRep_021_2026-06-05,FALSE
,04/06/2026,Cumules,,,5,,,3,,Beni,Nord-Kivu,MVE_SitRep_021_2026-06-05,FALSE
,04/06/2026,Cumules,,,123,,,11,,Bunia,Ituri,MVE_SitRep_021_2026-06-05,FALSE
,04/06/2026,Cumules,,,4,,,2,,Butembo,Nord-Kivu,MVE_SitRep_021_2026-06-05,FALSE
,04/06/2026,Cumules,,,3,,,0,,Damas,Ituri,MVE_SitRep_021_2026-06-05,FALSE
,04/06/2026,Cumules,,,1,,,0,,Gety,Ituri,MVE_SitRep_021_2026-06-05,FALSE
,04/06/2026,Cumules,,,1,,,0,,Goma,Nord-Kivu,MVE_SitRep_021_2026-06-05,FALSE
,04/06/2026,Cumules,,,1,,,1,,Kalunguta,Nord-Kivu,MVE_SitRep_021_2026-06-05,FALSE
,04/06/2026,Cumules,,,11,,,7,,Katwa,Nord-Kivu,MVE_SitRep_021_2026-06-05,FALSE
,04/06/2026,Cumules,,,3,,,1,,Kilo,Ituri,MVE_SitRep_021_2026-06-05,FALSE
,04/06/2026,Cumules,,,3,,,0,,Komanda,Ituri,MVE_SitRep_021_2026-06-05,FALSE
,04/06/2026,Cumules,,,1,,,0,,Kyondo,Nord-Kivu,MVE_SitRep_021_2026-06-05,FALSE
,04/06/2026,Cumules,,,3,,,0,,Lita,Ituri,MVE_SitRep_021_2026-06-05,FALSE
,04/06/2026,Cumules,,,2,,,0,,Logo,Ituri,MVE_SitRep_021_2026-06-05,FALSE
,04/06/2026,Cumules,,,2,,,1,,Mambasa,Ituri,MVE_SitRep_021_2026-06-05,FALSE
,04/06/2026,Cumules,,,1,,,0,,Mangala,Ituri,MVE_SitRep_021_2026-06-05,FALSE
,04/06/2026,Cumules,,,3,,,1,,Miti-Murhesa,Sud-Kivu,MVE_SitRep_021_2026-06-05,FALSE
,04/06/2026,Cumules,,,64,,,21,,Mongbwalu,Ituri,MVE_SitRep_021_2026-06-05,FALSE
,04/06/2026,Cumules,,,5,,,0,,Nizi,Ituri,MVE_SitRep_021_2026-06-05,FALSE
,04/06/2026,Cumules,,,22,,,1,,Nyankunde,Ituri,MVE_SitRep_021_2026-06-05,FALSE
,04/06/2026,Cumules,,,2,,,2,,Oicha,Nord-Kivu,MVE_SitRep_021_2026-06-05,FALSE
,04/06/2026,Cumules,,,3,,,0,,Rimba,Ituri,MVE_SitRep_021_2026-06-05,FALSE
,04/06/2026,Cumules,,,86,,,18,,Rwampara,Ituri,MVE_SitRep_021_2026-06-05,FALSE
,04/06/2026,Cumules,,,424,,,66,,Sous-total Ituri,Ituri,MVE_SitRep_021_2026-06-05,TRUE
,04/06/2026,Cumules,,,25,,,15,,Sous-total Nord-Kivu,Nord-Kivu,MVE_SitRep_021_2026-06-05,TRUE
,04/06/2026,Cumules,,,3,,,1,,Sous-total Sud-Kivu,Sud-Kivu,MVE_SitRep_021_2026-06-05,TRUE
,04/06/2026,Cumules,,,452,,,82,,TOTAL,,MVE_SitRep_021_2026-06-05,TRUE
05/06/2026,05/06/2026,Nouveaux,,,0,,,0,,,Nord-Kivu,MVE_SitRep_022_2026-06-06,TRUE
05/06/2026,05/06/2026,Nouveaux,,,0,,,0,,,Sud-Kivu,MVE_SitRep_022_2026-06-06,TRUE
05/06/2026,05/06/2026,Nouveaux,,,36,,,4,,,Ituri,MVE_SitRep_022_2026-06-06,TRUE
05/06/2026,05/06/2026,Nouveaux,,,15,,,,,Bunia,Ituri,MVE_SitRep_022_2026-06-06,FALSE
05/06/2026,05/06/2026,Nouveaux,,,1,,,,,Kilo,Ituri,MVE_SitRep_022_2026-06-06,FALSE
05/06/2026,05/06/2026,Nouveaux,,,1,,,,,Lita,Ituri,MVE_SitRep_022_2026-06-06,FALSE
05/06/2026,05/06/2026,Nouveaux,,,10,,,,,Mongbwalu,Ituri,MVE_SitRep_022_2026-06-06,FALSE
05/06/2026,05/06/2026,Nouveaux,,,2,,,,,Nyankunde,Ituri,MVE_SitRep_022_2026-06-06,FALSE
05/06/2026,05/06/2026,Nouveaux,,,7,,,,,Rwampara,Ituri,MVE_SitRep_022_2026-06-06,FALSE
05/06/2026,05/06/2026,Nouveaux,,,36,,,4,,Total,,MVE_SitRep_022_2026-06-06,TRUE
,05/06/2026,Cumules,,,460,,,70,,,Ituri,MVE_SitRep_022_2026-06-06,TRUE
,05/06/2026,Cumules,,,25,,,15,,,Nord-Kivu,MVE_SitRep_022_2026-06-06,TRUE
,05/06/2026,Cumules,,,3,,,1,,,Sud-Kivu,MVE_SitRep_022_2026-06-06,TRUE
,05/06/2026,Cumules,,,488,,,86,,,,MVE_SitRep_022_2026-06-06,TRUE
,05/06/2026,Cumules,,,3,,,1,,Aru,Ituri,MVE_SitRep_022_2026-06-06,FALSE
,05/06/2026,Cumules,,,1,,,0,,Aungba,Ituri,MVE_SitRep_022_2026-06-06,FALSE
,05/06/2026,Cumules,,,94,,,10,,Autres ZS (données non ventilées),Ituri,MVE_SitRep_022_2026-06-06,FALSE
,05/06/2026,Cumules,,,5,,,2,,Bambu,Ituri,MVE_SitRep_022_2026-06-06,FALSE
,05/06/2026,Cumules,,,5,,,3,,Beni,Nord-Kivu,MVE_SitRep_022_2026-06-06,FALSE
,05/06/2026,Cumules,,,138,,,14,,Bunia,Ituri,MVE_SitRep_022_2026-06-06,FALSE
,05/06/2026,Cumules,,,4,,,2,,Butembo,Nord-Kivu,MVE_SitRep_022_2026-06-06,FALSE
,05/06/2026,Cumules,,,3,,,0,,Damas,Ituri,MVE_SitRep_022_2026-06-06,FALSE
,05/06/2026,Cumules,,,1,,,0,,Gety,Ituri,MVE_SitRep_022_2026-06-06,FALSE
,05/06/2026,Cumules,,,1,,,0,,Goma,Nord-Kivu,MVE_SitRep_022_2026-06-06,FALSE
,05/06/2026,Cumules,,,1,,,1,,Kalunguta,Nord-Kivu,MVE_SitRep_022_2026-06-06,FALSE
,05/06/2026,Cumules,,,11,,,7,,Katwa,Nord-Kivu,MVE_SitRep_022_2026-06-06,FALSE
,05/06/2026,Cumules,,,4,,,1,,Kilo,Ituri,MVE_SitRep_022_2026-06-06,FALSE
,05/06/2026,Cumules,,,3,,,0,,Komanda,Ituri,MVE_SitRep_022_2026-06-06,FALSE
,05/06/2026,Cumules,,,1,,,0,,Kyondo,Nord-Kivu,MVE_SitRep_022_2026-06-06,FALSE
,05/06/2026,Cumules,,,4,,,0,,Lita,Ituri,MVE_SitRep_022_2026-06-06,FALSE
,05/06/2026,Cumules,,,2,,,0,,Logo,Ituri,MVE_SitRep_022_2026-06-06,FALSE
,05/06/2026,Cumules,,,2,,,1,,Mambasa,Ituri,MVE_SitRep_022_2026-06-06,FALSE
,05/06/2026,Cumules,,,1,,,0,,Mangala,Ituri,MVE_SitRep_022_2026-06-06,FALSE
,05/06/2026,Cumules,,,3,,,1,,Miti-Murhesa,Sud-Kivu,MVE_SitRep_022_2026-06-06,FALSE
,05/06/2026,Cumules,,,74,,,21,,Mongbwalu,Ituri,MVE_SitRep_022_2026-06-06,FALSE
,05/06/2026,Cumules,,,5,,,0,,Nizi,Ituri,MVE_SitRep_022_2026-06-06,FALSE
,05/06/2026,Cumules,,,24,,,1,,Nyankunde,Ituri,MVE_SitRep_022_2026-06-06,FALSE
,05/06/2026,Cumules,,,2,,,2,,Oicha,Nord-Kivu,MVE_SitRep_022_2026-06-06,FALSE
,05/06/2026,Cumules,,,3,,,0,,Rimba,Ituri,MVE_SitRep_022_2026-06-06,FALSE
,05/06/2026,Cumules,,,93,,,19,,Rwampara,Ituri,MVE_SitRep_022_2026-06-06,FALSE
,05/06/2026,Cumules,,,460,,,70,,Sous-total Ituri,Ituri,MVE_SitRep_022_2026-06-06,TRUE
,05/06/2026,Cumules,,,25,,,15,,Sous-total Nord-Kivu,Nord-Kivu,MVE_SitRep_022_2026-06-06,TRUE
,05/06/2026,Cumules,,,3,,,1,,Sous-total Sud-Kivu,Sud-Kivu,MVE_SitRep_022_2026-06-06,TRUE
,05/06/2026,Cumules,,,488,,,86,,TOTAL,,MVE_SitRep_022_2026-06-06,TRUE
06/06/2026,06/06/2026,Nouveaux,,,27,,,4,,,Ituri,MVE_SitRep_023_2026-06-07,TRUE
06/06/2026,06/06/2026,Nouveaux,,,0,,,,,,Nord-Kivu,MVE_SitRep_023_2026-06-07,TRUE
06/06/2026,06/06/2026,Nouveaux,,,0,,,,,,Sud-Kivu,MVE_SitRep_023_2026-06-07,TRUE
06/06/2026,06/06/2026,Nouveaux,117,,27,,,4,,,,MVE_SitRep_023_2026-06-07,TRUE
06/06/2026,06/06/2026,Nouveaux,,,4,,,,,Bunia,Ituri,MVE_SitRep_023_2026-06-07,FALSE
06/06/2026,06/06/2026,Nouveaux,,,18,,,,,Mongbwalu,Ituri,MVE_SitRep_023_2026-06-07,FALSE
06/06/2026,06/06/2026,Nouveaux,,,5,,,,,Rwampara,Ituri,MVE_SitRep_023_2026-06-07,FALSE
,06/06/2026,Cumules,,,487,,,74,,,Ituri,MVE_SitRep_023_2026-06-07,TRUE
,06/06/2026,Cumules,,,25,,,16,,,Nord-Kivu,MVE_SitRep_023_2026-06-07,TRUE
,06/06/2026,Cumules,,,3,,,1,,,Sud-Kivu,MVE_SitRep_023_2026-06-07,TRUE
,06/06/2026,Cumules,,,515,,,91,,,,MVE_SitRep_023_2026-06-07,TRUE
,06/06/2026,Cumules,,,3,,,1,,Aru,Ituri,MVE_SitRep_023_2026-06-07,FALSE
,06/06/2026,Cumules,,,1,,,0,,Aungba,Ituri,MVE_SitRep_023_2026-06-07,FALSE
,06/06/2026,Cumules,,,94,,,10,,Autres ZS (données non ventilées),Ituri,MVE_SitRep_023_2026-06-07,FALSE
,06/06/2026,Cumules,,,5,,,2,,Bambu,Ituri,MVE_SitRep_023_2026-06-07,FALSE
,06/06/2026,Cumules,,,5,,,3,,Beni,Nord-Kivu,MVE_SitRep_023_2026-06-07,FALSE
,06/06/2026,Cumules,,,142,,,14,,Bunia,Ituri,MVE_SitRep_023_2026-06-07,FALSE
,06/06/2026,Cumules,,,4,,,2,,Butembo,Nord-Kivu,MVE_SitRep_023_2026-06-07,FALSE
,06/06/2026,Cumules,,,3,,,0,,Damas,Ituri,MVE_SitRep_023_2026-06-07,FALSE
,06/06/2026,Cumules,,,1,,,0,,Gety,Ituri,MVE_SitRep_023_2026-06-07,FALSE
,06/06/2026,Cumules,,,1,,,0,,Goma,Nord-Kivu,MVE_SitRep_023_2026-06-07,FALSE
,06/06/2026,Cumules,,,1,,,1,,Kalunguta,Nord-Kivu,MVE_SitRep_023_2026-06-07,FALSE
,06/06/2026,Cumules,,,11,,,8,,Katwa,Nord-Kivu,MVE_SitRep_023_2026-06-07,FALSE
,06/06/2026,Cumules,,,4,,,1,,Kilo,Ituri,MVE_SitRep_023_2026-06-07,FALSE
,06/06/2026,Cumules,,,3,,,0,,Komanda,Ituri,MVE_SitRep_023_2026-06-07,FALSE
,06/06/2026,Cumules,,,1,,,0,,Kyondo,Nord-Kivu,MVE_SitRep_023_2026-06-07,FALSE
,06/06/2026,Cumules,,,4,,,0,,Lita,Ituri,MVE_SitRep_023_2026-06-07,FALSE
,06/06/2026,Cumules,,,2,,,0,,Logo,Ituri,MVE_SitRep_023_2026-06-07,FALSE
,06/06/2026,Cumules,,,2,,,1,,Mambasa,Ituri,MVE_SitRep_023_2026-06-07,FALSE
,06/06/2026,Cumules,,,1,,,0,,Mangala,Ituri,MVE_SitRep_023_2026-06-07,FALSE
,06/06/2026,Cumules,,,3,,,1,,Miti-Murhesa,Sud-Kivu,MVE_SitRep_023_2026-06-07,FALSE
,06/06/2026,Cumules,,,92,,,25,,Mongbwalu,Ituri,MVE_SitRep_023_2026-06-07,FALSE
,06/06/2026,Cumules,,,5,,,0,,Nizi,Ituri,MVE_SitRep_023_2026-06-07,FALSE
,06/06/2026,Cumules,,,24,,,1,,Nyankunde,Ituri,MVE_SitRep_023_2026-06-07,FALSE
,06/06/2026,Cumules,,,2,,,2,,Oicha,Nord-Kivu,MVE_SitRep_023_2026-06-07,FALSE
,06/06/2026,Cumules,,,3,,,0,,Rimba,Ituri,MVE_SitRep_023_2026-06-07,FALSE
,06/06/2026,Cumules,,,98,,,19,,Rwampara,Ituri,MVE_SitRep_023_2026-06-07,FALSE
07/06/2026,07/06/2026,Nouveaux,94,,35,,,10,,,,MVE_SitRep_024_2026-06-08,TRUE
07/06/2026,07/06/2026,Nouveaux,,,31,,,,,,Ituri,MVE_SitRep_024_2026-06-08,TRUE
07/06/2026,07/06/2026,Nouveaux,,,4,,,4,,,Nord-Kivu,MVE_SitRep_024_2026-06-08,TRUE
07/06/2026,07/06/2026,Nouveaux,,,0,,,0,,,Sud-Kivu,MVE_SitRep_024_2026-06-08,TRUE
07/06/2026,07/06/2026,Nouveaux,94,,35,,,10,,,Total,MVE_SitRep_024_2026-06-08,TRUE
07/06/2026,07/06/2026,Nouveaux,,,4,,,,,Beni,Nord-Kivu,MVE_SitRep_024_2026-06-08,FALSE
07/06/2026,07/06/2026,Nouveaux,,,10,,,,,Bunia,Ituri,MVE_SitRep_024_2026-06-08,FALSE
07/06/2026,07/06/2026,Nouveaux,,,6,,,,,Mongbwalu,Ituri,MVE_SitRep_024_2026-06-08,FALSE
07/06/2026,07/06/2026,Nouveaux,,,2,,,,,Nyankunde,Ituri,MVE_SitRep_024_2026-06-08,FALSE
07/06/2026,07/06/2026,Nouveaux,,,13,,,,,Rwampara,Ituri,MVE_SitRep_024_2026-06-08,FALSE
,07/06/2026,Cumules,,,550,,,101,,,,MVE_SitRep_024_2026-06-08,TRUE
,07/06/2026,Cumules,,,518,,,80,,,Ituri,MVE_SitRep_024_2026-06-08,TRUE
,07/06/2026,Cumules,,,29,,,20,,,Nord-Kivu,MVE_SitRep_024_2026-06-08,TRUE
,07/06/2026,Cumules,,,3,,,1,,,Sud-Kivu,MVE_SitRep_024_2026-06-08,TRUE
,07/06/2026,Cumules,,,550,,,101,,,Total,MVE_SitRep_024_2026-06-08,TRUE
,07/06/2026,Cumules,,,3,,,1,,Aru,Ituri,MVE_SitRep_024_2026-06-08,FALSE
,07/06/2026,Cumules,,,1,,,0,,Aungba,Ituri,MVE_SitRep_024_2026-06-08,FALSE
,07/06/2026,Cumules,,,94,,,10,,Autres ZS (données non ventilées),Ituri,MVE_SitRep_024_2026-06-08,FALSE
,07/06/2026,Cumules,,,5,,,2,,Bambu,Ituri,MVE_SitRep_024_2026-06-08,FALSE
,07/06/2026,Cumules,,,9,,,7,,Beni,Nord-Kivu,MVE_SitRep_024_2026-06-08,FALSE
,07/06/2026,Cumules,,,152,,,15,,Bunia,Ituri,MVE_SitRep_024_2026-06-08,FALSE
,07/06/2026,Cumules,,,4,,,2,,Butembo,Nord-Kivu,MVE_SitRep_024_2026-06-08,FALSE
,07/06/2026,Cumules,,,3,,,0,,Damas,Ituri,MVE_SitRep_024_2026-06-08,FALSE
,07/06/2026,Cumules,,,1,,,0,,Gety,Ituri,MVE_SitRep_024_2026-06-08,FALSE
,07/06/2026,Cumules,,,1,,,0,,Goma,Nord-Kivu,MVE_SitRep_024_2026-06-08,FALSE
,07/06/2026,Cumules,,,1,,,1,,Kalunguta,Nord-Kivu,MVE_SitRep_024_2026-06-08,FALSE
,07/06/2026,Cumules,,,11,,,8,,Katwa,Nord-Kivu,MVE_SitRep_024_2026-06-08,FALSE
,07/06/2026,Cumules,,,4,,,1,,Kilo,Ituri,MVE_SitRep_024_2026-06-08,FALSE
,07/06/2026,Cumules,,,3,,,0,,Komanda,Ituri,MVE_SitRep_024_2026-06-08,FALSE
,07/06/2026,Cumules,,,1,,,0,,Kyondo,Nord-Kivu,MVE_SitRep_024_2026-06-08,FALSE
,07/06/2026,Cumules,,,4,,,0,,Lita,Ituri,MVE_SitRep_024_2026-06-08,FALSE
,07/06/2026,Cumules,,,2,,,0,,Logo,Ituri,MVE_SitRep_024_2026-06-08,FALSE
,07/06/2026,Cumules,,,2,,,1,,Mambasa,Ituri,MVE_SitRep_024_2026-06-08,FALSE
,07/06/2026,Cumules,,,1,,,0,,Mangala,Ituri,MVE_SitRep_024_2026-06-08,FALSE
,07/06/2026,Cumules,,,3,,,1,,Miti-Murhesa,Sud-Kivu,MVE_SitRep_024_2026-06-08,FALSE
,07/06/2026,Cumules,,,98,,,29,,Mongbwalu,Ituri,MVE_SitRep_024_2026-06-08,FALSE
,07/06/2026,Cumules,,,5,,,0,,Nizi,Ituri,MVE_SitRep_024_2026-06-08,FALSE
,07/06/2026,Cumules,,,26,,,1,,Nyankunde,Ituri,MVE_SitRep_024_2026-06-08,FALSE
,07/06/2026,Cumules,,,2,,,2,,Oicha,Nord-Kivu,MVE_SitRep_024_2026-06-08,FALSE
,07/06/2026,Cumules,,,3,,,0,,Rimba,Ituri,MVE_SitRep_024_2026-06-08,FALSE
,07/06/2026,Cumules,,,111,,,20,,Rwampara,Ituri,MVE_SitRep_024_2026-06-08,FALSE
08/06/2026,08/06/2026,Nouveaux,,,45,,,,,,Ituri,MVE_SitRep_025_2026-06-09,TRUE
08/06/2026,08/06/2026,Nouveaux,,,3,,,,,,Nord-Kivu,MVE_SitRep_025_2026-06-09,TRUE
08/06/2026,08/06/2026,Nouveaux,,,0,,,,,,Sud-Kivu,MVE_SitRep_025_2026-06-09,TRUE
08/06/2026,08/06/2026,Nouveaux,,,48,,,14,,,Total,MVE_SitRep_025_2026-06-09,TRUE
08/06/2026,08/06/2026,Nouveaux,,,1,,,,,Aungba,Ituri,MVE_SitRep_025_2026-06-09,FALSE
08/06/2026,08/06/2026,Nouveaux,,,11,,,,,Bunia,Ituri,MVE_SitRep_025_2026-06-09,FALSE
08/06/2026,08/06/2026,Nouveaux,,,2,,,,,Butembo,Nord-Kivu,MVE_SitRep_025_2026-06-09,FALSE
08/06/2026,08/06/2026,Nouveaux,,,1,,,,,Katwa,Nord-Kivu,MVE_SitRep_025_2026-06-09,FALSE
08/06/2026,08/06/2026,Nouveaux,,,16,,,,,Mongbwalu,Ituri,MVE_SitRep_025_2026-06-09,FALSE
08/06/2026,08/06/2026,Nouveaux,,,6,,,,,Nyankunde,Ituri,MVE_SitRep_025_2026-06-09,FALSE
08/06/2026,08/06/2026,Nouveaux,,,11,,,,,Rwampara,Ituri,MVE_SitRep_025_2026-06-09,FALSE
,08/06/2026,Cumules,,,563,,,92,,,Ituri,MVE_SitRep_025_2026-06-09,TRUE
,08/06/2026,Cumules,,,32,,,22,,,Nord-Kivu,MVE_SitRep_025_2026-06-09,TRUE
,08/06/2026,Cumules,,,3,,,1,,,Sud-Kivu,MVE_SitRep_025_2026-06-09,TRUE
,08/06/2026,Cumules,,,598,,,115,,,Total,MVE_SitRep_025_2026-06-09,TRUE
,08/06/2026,Cumules,,,3,,,1,,Aru,Ituri,MVE_SitRep_025_2026-06-09,FALSE
,08/06/2026,Cumules,,,2,,,1,,Aungba,Ituri,MVE_SitRep_025_2026-06-09,FALSE
,08/06/2026,Cumules,,,94,,,10,,Autres ZS (données non ventilées),Ituri,MVE_SitRep_025_2026-06-09,FALSE
,08/06/2026,Cumules,,,5,,,2,,Bambu,Ituri,MVE_SitRep_025_2026-06-09,FALSE
,08/06/2026,Cumules,,,9,,,7,,Beni,Nord-Kivu,MVE_SitRep_025_2026-06-09,FALSE
,08/06/2026,Cumules,,,163,,,15,,Bunia,Ituri,MVE_SitRep_025_2026-06-09,FALSE
,08/06/2026,Cumules,,,6,,,4,,Butembo,Nord-Kivu,MVE_SitRep_025_2026-06-09,FALSE
,08/06/2026,Cumules,,,3,,,0,,Damas,Ituri,MVE_SitRep_025_2026-06-09,FALSE
,08/06/2026,Cumules,,,1,,,0,,Gety,Ituri,MVE_SitRep_025_2026-06-09,FALSE
,08/06/2026,Cumules,,,1,,,0,,Goma,Nord-Kivu,MVE_SitRep_025_2026-06-09,FALSE
,08/06/2026,Cumules,,,1,,,1,,Kalunguta,Nord-Kivu,MVE_SitRep_025_2026-06-09,FALSE
,08/06/2026,Cumules,,,12,,,8,,Katwa,Nord-Kivu,MVE_SitRep_025_2026-06-09,FALSE
,08/06/2026,Cumules,,,4,,,1,,Kilo,Ituri,MVE_SitRep_025_2026-06-09,FALSE
,08/06/2026,Cumules,,,3,,,0,,Komanda,Ituri,MVE_SitRep_025_2026-06-09,FALSE
,08/06/2026,Cumules,,,1,,,0,,Kyondo,Nord-Kivu,MVE_SitRep_025_2026-06-09,FALSE
,08/06/2026,Cumules,,,4,,,0,,Lita,Ituri,MVE_SitRep_025_2026-06-09,FALSE
,08/06/2026,Cumules,,,2,,,0,,Logo,Ituri,MVE_SitRep_025_2026-06-09,FALSE
,08/06/2026,Cumules,,,2,,,1,,Mambasa,Ituri,MVE_SitRep_025_2026-06-09,FALSE
,08/06/2026,Cumules,,,1,,,0,,Mangala,Ituri,MVE_SitRep_025_2026-06-09,FALSE
,08/06/2026,Cumules,,,3,,,1,,Miti-Murhesa,Sud-Kivu,MVE_SitRep_025_2026-06-09,FALSE
,08/06/2026,Cumules,,,114,,,40,,Mongbwalu,Ituri,MVE_SitRep_025_2026-06-09,FALSE
,08/06/2026,Cumules,,,5,,,0,,Nizi,Ituri,MVE_SitRep_025_2026-06-09,FALSE
,08/06/2026,Cumules,,,32,,,1,,Nyankunde,Ituri,MVE_SitRep_025_2026-06-09,FALSE
,08/06/2026,Cumules,,,2,,,2,,Oicha,Nord-Kivu,MVE_SitRep_025_2026-06-09,FALSE
,08/06/2026,Cumules,,,3,,,0,,Rimba,Ituri,MVE_SitRep_025_2026-06-09,FALSE
,08/06/2026,Cumules,,,122,,,20,,Rwampara,Ituri,MVE_SitRep_025_2026-06-09,FALSE
